Berikut adalah peta file dan posisinya dalam direktori c:/xampp/htdocs/pokjarut/admin:

./.prettierrc
./dashboard.php
./data_dashboard.php
./error.php
./index.php
./koneksi.php
./login.html
./logout.php
./package-lock.json
./pages-starter.html
./proses_login.php
./README.md
./alat_admin/
./alat_admin/backup_database.php
./alat_admin/backupfile.php
./alat_admin/daftaradmin.php
./alat_admin/registrasiadmin.php
./alat_admin/backup/
./alat_admin/backup/backup_20240412_135424.sql
./alat_admin/backup/backup_20240519_183705.sql
./alat_admin/nomorsurat/
./alat_admin/nomorsurat/generate_number.php
./alat_admin/nomorsurat/index.html
./alat_admin/nomorsurat/nomorsurat.php
./aset/
./aset/css/
./aset/css/app-dark.min.css
./aset/css/app.min.css
./aset/css/bootstrap-dark.min.css
./aset/css/bootstrap.min.css
./aset/css/icons.css
./aset/css/icons.min.css
./aset/css/icons.min.css.map
./aset/css/styles.css
./aset/fonts/
./aset/fonts/cerebrisans-bold.eot
./aset/fonts/cerebrisans-bold.svg
./aset/fonts/cerebrisans-bold.ttf
./aset/fonts/cerebrisans-bold.woff
./aset/fonts/cerebrisans-bold.woff2
./aset/fonts/cerebrisans-light.eot
./aset/fonts/cerebrisans-light.svg
./aset/fonts/cerebrisans-light.ttf
./aset/fonts/cerebrisans-light.woff
./aset/fonts/cerebrisans-light.woff2
./aset/fonts/cerebrisans-medium.eot
./aset/fonts/cerebrisans-medium.svg
./aset/fonts/cerebrisans-medium.ttf
./aset/fonts/cerebrisans-medium.woff
./aset/fonts/cerebrisans-medium.woff2
./aset/fonts/cerebrisans-regular.eot
./aset/fonts/cerebrisans-regular.svg
./aset/fonts/cerebrisans-regular.ttf
./aset/fonts/cerebrisans-regular.woff
./aset/fonts/cerebrisans-regular.woff2
./aset/fonts/cerebrisans-semibold.eot
./aset/fonts/cerebrisans-semibold.svg
./aset/fonts/cerebrisans-semibold.ttf
./aset/fonts/cerebrisans-semibold.woff
./aset/fonts/cerebrisans-semibold.woff2
./aset/fonts/dripicons-v2.eot
./aset/fonts/dripicons-v2.svg
./aset/fonts/dripicons-v2.ttf
./aset/fonts/dripicons-v2.woff
./aset/fonts/dropify.eot
./aset/fonts/dropify.svg
./aset/fonts/dropify.ttf
./aset/fonts/dropify.woff
./aset/fonts/fa-brands-400.eot
./aset/fonts/fa-brands-400.svg
./aset/fonts/fa-brands-400.ttf
./aset/fonts/fa-brands-400.woff
./aset/fonts/fa-brands-400.woff2
./aset/fonts/fa-regular-400.eot
./aset/fonts/fa-regular-400.svg
./aset/fonts/fa-regular-400.ttf
./aset/fonts/fa-regular-400.woff
./aset/fonts/fa-regular-400.woff2
./aset/fonts/fa-solid-900.eot
./aset/fonts/fa-solid-900.svg
./aset/fonts/fa-solid-900.ttf
./aset/fonts/fa-solid-900.woff
./aset/fonts/fa-solid-900.woff2
./aset/fonts/feather.eot
./aset/fonts/feather.svg
./aset/fonts/feather.ttf
./aset/fonts/feather.woff
./aset/fonts/footable.eot
./aset/fonts/footable.svg
./aset/fonts/footable.ttf
./aset/fonts/footable.woff
./aset/fonts/materialdesignicons-webfont.eot
./aset/fonts/materialdesignicons-webfont.svg
./aset/fonts/materialdesignicons-webfont.ttf
./aset/fonts/materialdesignicons-webfont.woff
./aset/fonts/materialdesignicons-webfont.woff2
./aset/fonts/Simple-Line-Icons.eot
./aset/fonts/Simple-Line-Icons.svg
./aset/fonts/Simple-Line-Icons.ttf
./aset/fonts/Simple-Line-Icons.woff
./aset/fonts/Simple-Line-Icons.woff2
./aset/fonts/summernote.eot
./aset/fonts/summernote.ttf
./aset/fonts/summernote.woff
./aset/fonts/themify.eot
./aset/fonts/themify.svg
./aset/fonts/themify.ttf
./aset/fonts/themify.woff
./aset/fonts/weathericons-regular-webfont.eot
./aset/fonts/weathericons-regular-webfont.svg
./aset/fonts/weathericons-regular-webfont.ttf
./aset/fonts/weathericons-regular-webfont.woff
./aset/fonts/weathericons-regular-webfont.woff2
./aset/images/
./aset/images/logo-dark.png
./aset/images/brands/
./aset/images/cards/
./aset/images/companies/
./aset/images/email/
./aset/images/flags/
./aset/js/
./aset/libs/
./cek_status/
./cek_status/ceknilai.php
./cek_status/error.php
./cek_status/logout.php
./cek_status/pencarian.php
./cek_status/pilihmasa.php
./cek_status/prosesceknilai.php
./cek_status/statusbayar.php
./data_mahasiswa/
./data_mahasiswa/edit_data.php
./data_mahasiswa/error.php
./data_mahasiswa/hapus_data_mahasiswa.php
./data_mahasiswa/index.php
./data_mahasiswa/lihat_data_mahasiswa.php
./data_mahasiswa/tambah_data_s.php
./data_mahasiswa/tambah_data.php
./data_tagihan/
./data_tagihan/index.php
./data_tagihan/kode_generator.php
./data_tagihan/tagihan.php
./data_tagihan/proses/
./halaman/
./halaman/login.html
./html/
./html/sidebar.php
./html/assets/
./html/styles/
./laporan_pembayaran/
./laporan_pembayaran/daftar_laporan.php
./laporan_pembayaran/detail_verifikasi.php
./laporan_pembayaran/edit_laporan.php
./laporan_pembayaran/error.php
./laporan_pembayaran/hapus_laporan.php
./laporan_pembayaran/index.php
./laporan_pembayaran/kode_generatorlaporan.php
./laporan_pembayaran/koneksi.php
./laporan_pembayaran/laporanbayarmaba.php
./laporan_pembayaran/lihat_laporan.php
./laporan_pembayaran/penambahan.php
./laporan_pembayaran/proses_penambahan.php
./laporan_pembayaran/tambah_laporan.php
./laporan_pembayaran/verifikasi_laporan.php
./laporan_pembayaran/BuktiTF/
./mahasiswa_baru/
./mahasiswa_baru/ambil_data_mahasiswa.php
./mahasiswa_baru/ambilnobilling.php
./mahasiswa_baru/backup_database.php
./mahasiswa_baru/bajualmamater.php
./mahasiswa_baru/billing_info.txt
./mahasiswa_baru/contacts.csv
./mahasiswa_baru/daftarmahasiswa.php
./mahasiswa_baru/dashboard.php
./mahasiswa_baru/datamahasiswadetail.php
./mahasiswa_baru/edit_data.php
./mahasiswa_baru/edit_data2.php
./mahasiswa_baru/error.php
./mahasiswa_baru/get_saldo.php
./mahasiswa_baru/hapus_data_mahasiswa.php
./mahasiswa_baru/id.php
./mahasiswa_baru/kode_generator.php
./mahasiswa_baru/lihat_data_mahasiswa.php
./mahasiswa_baru/nohptog.php
./mahasiswa_baru/pages-starter.html
./mahasiswa_baru/pindah_mahasiswa.php
./mahasiswa_baru/push.php
./mahasiswa_baru/push2.php
./mahasiswa_baru/results_partial.php
./mahasiswa_baru/simpan_data.php
./mahasiswa_baru/simpan_status.php
./mahasiswa_baru/status_pengambilan.json
./mahasiswa_baru/tambah_data.php
./mahasiswa_baru/update_status.php
./mahasiswa_baru/update_ukuran.php
./mahasiswa_baru/api/
./mahasiswa_baru/datamahasiswa/
./mahasiswa_baru/mabawebsite/
./mahasiswa_baru/pembayaran/
./mahasiswa_baru/tuton/
